{
  "orders": [
    {
      "gridStrategyId": 2,
      "symbol": "ETH/USDT",
      "side": "buy",
      "price": 2705.3474397934106,
      "quantity": 0.07392765788902614,
      "amount": 200,
      "pnl": 0,
      "id": 39,
      "timestamp": "2025-06-02T17:50:35.843Z"
    },
    {
      "gridStrategyId": 1,
      "symbol": "BTC/USDT",
      "side": "buy",
      "price": 44895.89308497225,
      "quantity": 0.0044547504517054555,
      "amount": 199.99999999999997,
      "pnl": 0,
      "id": 38,
      "timestamp": "2025-06-02T17:50:30.843Z"
    },
    {
      "gridStrategyId": 1,
      "symbol": "BTC/USDT",
      "side": "buy",
      "price": 44757.08330288976,
      "quantity": 0.004468566431072306,
      "amount": 199.99999999999997,
      "pnl": 0,
      "id": 37,
      "timestamp": "2025-06-02T17:50:20.842Z"
    },
    {
      "gridStrategyId": 1,
      "symbol": "BTC/USDT",
      "side": "buy",
      "price": 44386.71592921242,
      "quantity": 0.004505852614078465,
      "amount": 200,
      "pnl": 0,
      "id": 36,
      "timestamp": "2025-06-02T17:50:15.842Z"
    },
    {
      "gridStrategyId": 1,
      "symbol": "BTC/USDT",
      "side": "sell",
      "price": 43726.23848215029,
      "quantity": 0.004573912756791166,
      "amount": 200,
      "pnl": 0.2,
      "id": 35,
      "timestamp": "2025-06-02T17:50:05.842Z"
    },
    {
      "gridStrategyId": 1,
      "symbol": "BTC/USDT",
      "side": "buy",
      "price": 43702.64074509111,
      "quantity": 0.0045763824929152585,
      "amount": 200,
      "pnl": 0,
      "id": 34,
      "timestamp": "2025-06-02T17:49:55.842Z"
    },
    {
      "gridStrategyId": 2,
      "symbol": "ETH/USDT",
      "side": "sell",
      "price": 2670.2560386436244,
      "quantity": 0.0748991846121211,
      "amount": 200,
      "pnl": 0.2,
      "id": 33,
      "timestamp": "2025-06-02T17:49:50.843Z"
    },
    {
      "gridStrategyId": 1,
      "symbol": "BTC/USDT",
      "side": "sell",
      "price": 43628.603842728815,
      "quantity": 0.004584148526066855,
      "amount": 200,
      "pnl": 0.2,
      "id": 32,
      "timestamp": "2025-06-02T17:49:50.842Z"
    },
    {
      "gridStrategyId": 1,
      "symbol": "BTC/USDT",
      "side": "sell",
      "price": 43647.249094390376,
      "quantity": 0.004582190267420642,
      "amount": 200,
      "pnl": 0.2,
      "id": 31,
      "timestamp": "2025-06-02T17:49:40.842Z"
    },
    {
      "gridStrategyId": 1,
      "symbol": "BTC/USDT",
      "side": "sell",
      "price": 43767.84090475915,
      "quantity": 0.0045695651388244,
      "amount": 200,
      "pnl": 0.2,
      "id": 30,
      "timestamp": "2025-06-02T17:49:30.842Z"
    },
    {
      "gridStrategyId": 2,
      "symbol": "ETH/USDT",
      "side": "buy",
      "price": 2664.3069479169553,
      "quantity": 0.07506642586972448,
      "amount": 200,
      "pnl": 0,
      "id": 29,
      "timestamp": "2025-06-02T17:49:20.843Z"
    },
    {
      "gridStrategyId": 1,
      "symbol": "BTC/USDT",
      "side": "buy",
      "price": 44166.63178350312,
      "quantity": 0.004528305463281964,
      "amount": 200.00000000000003,
      "pnl": 0,
      "id": 28,
      "timestamp": "2025-06-02T17:49:10.842Z"
    },
    {
      "gridStrategyId": 2,
      "symbol": "ETH/USDT",
      "side": "buy",
      "price": 2668.2257487522834,
      "quantity": 0.07495617643804092,
      "amount": 200,
      "pnl": 0,
      "id": 27,
      "timestamp": "2025-06-02T17:49:00.842Z"
    },
    {
      "gridStrategyId": 1,
      "symbol": "BTC/USDT",
      "side": "buy",
      "price": 44375.113895873095,
      "quantity": 0.0045070306854716625,
      "amount": 200,
      "pnl": 0,
      "id": 26,
      "timestamp": "2025-06-02T17:49:00.841Z"
    },
    {
      "gridStrategyId": 2,
      "symbol": "ETH/USDT",
      "side": "sell",
      "price": 2678.1749389319107,
      "quantity": 0.07467772067188504,
      "amount": 200,
      "pnl": 0.2,
      "id": 25,
      "timestamp": "2025-06-02T17:48:55.842Z"
    },
    {
      "gridStrategyId": 2,
      "symbol": "ETH/USDT",
      "side": "sell",
      "price": 2703.764565469923,
      "quantity": 0.0739709376157311,
      "amount": 200,
      "pnl": 0.2,
      "id": 24,
      "timestamp": "2025-06-02T17:48:30.840Z"
    },
    {
      "gridStrategyId": 2,
      "symbol": "ETH/USDT",
      "side": "buy",
      "price": 2687.7210582532744,
      "quantity": 0.07441248390931543,
      "amount": 200.00000000000003,
      "pnl": 0,
      "id": 23,
      "timestamp": "2025-06-02T17:48:20.840Z"
    },
    {
      "gridStrategyId": 1,
      "symbol": "BTC/USDT",
      "side": "buy",
      "price": 43673.05841863497,
      "quantity": 0.004579482345451251,
      "amount": 200,
      "pnl": 0,
      "id": 22,
      "timestamp": "2025-06-02T17:48:05.840Z"
    },
    {
      "gridStrategyId": 1,
      "symbol": "BTC/USDT",
      "side": "sell",
      "price": 43748.77413982556,
      "quantity": 0.004571556664897159,
      "amount": 200.00000000000003,
      "pnl": 0.20000000000000004,
      "id": 20,
      "timestamp": "2025-06-02T17:48:00.839Z"
    },
    {
      "gridStrategyId": 2,
      "symbol": "ETH/USDT",
      "side": "buy",
      "price": 2735.296748621271,
      "quantity": 0.07311820924029913,
      "amount": 200,
      "pnl": 0,
      "id": 21,
      "timestamp": "2025-06-02T17:48:00.839Z"
    },
    {
      "gridStrategyId": 2,
      "symbol": "ETH/USDT",
      "side": "sell",
      "price": 2711.2022871006166,
      "quantity": 0.07376801094907667,
      "amount": 200,
      "pnl": 0.2,
      "id": 19,
      "timestamp": "2025-06-02T17:47:40.835Z"
    },
    {
      "gridStrategyId": 1,
      "symbol": "BTC/USDT",
      "side": "buy",
      "price": 44533.37877737433,
      "quantity": 0.004491013381217151,
      "amount": 200,
      "pnl": 0,
      "id": 18,
      "timestamp": "2025-06-02T17:47:20.829Z"
    },
    {
      "gridStrategyId": 2,
      "symbol": "ETH/USDT",
      "side": "buy",
      "price": 2701.0916530217414,
      "quantity": 0.07404413684972806,
      "amount": 200,
      "pnl": 0,
      "id": 17,
      "timestamp": "2025-06-02T17:47:15.829Z"
    },
    {
      "gridStrategyId": 2,
      "symbol": "ETH/USDT",
      "side": "buy",
      "price": 2687.6052861972707,
      "quantity": 0.07441568932281076,
      "amount": 200,
      "pnl": 0,
      "id": 16,
      "timestamp": "2025-06-02T17:47:10.828Z"
    },
    {
      "gridStrategyId": 1,
      "symbol": "BTC/USDT",
      "side": "buy",
      "price": 44150.68874798421,
      "quantity": 0.004529940657134854,
      "amount": 200,
      "pnl": 0,
      "id": 15,
      "timestamp": "2025-06-02T17:47:05.828Z"
    },
    {
      "gridStrategyId": 2,
      "symbol": "ETH/USDT",
      "side": "buy",
      "price": 2671.825822975721,
      "quantity": 0.07485517891179443,
      "amount": 200,
      "pnl": 0,
      "id": 14,
      "timestamp": "2025-06-02T17:47:00.828Z"
    },
    {
      "gridStrategyId": 1,
      "symbol": "BTC/USDT",
      "side": "sell",
      "price": 44259.65302719527,
      "quantity": 0.0045187882489072006,
      "amount": 200,
      "pnl": 0.2,
      "id": 13,
      "timestamp": "2025-06-02T17:47:00.827Z"
    },
    {
      "gridStrategyId": 1,
      "symbol": "BTC/USDT",
      "side": "buy",
      "price": 44149.18172218536,
      "quantity": 0.004530095285990277,
      "amount": 200.00000000000003,
      "pnl": 0,
      "id": 12,
      "timestamp": "2025-06-02T17:46:55.826Z"
    },
    {
      "gridStrategyId": 1,
      "symbol": "BTC/USDT",
      "side": "sell",
      "price": 44352.77819285184,
      "quantity": 0.004509300389941147,
      "amount": 200,
      "pnl": 0.2,
      "id": 11,
      "timestamp": "2025-06-02T17:46:50.825Z"
    },
    {
      "gridStrategyId": 2,
      "symbol": "ETH/USDT",
      "side": "sell",
      "price": 2692.637815543724,
      "quantity": 0.07427660669603053,
      "amount": 200,
      "pnl": 0.2,
      "id": 10,
      "timestamp": "2025-06-02T17:46:40.827Z"
    },
    {
      "gridStrategyId": 2,
      "symbol": "ETH/USDT",
      "side": "buy",
      "price": 2708.1228032470585,
      "quantity": 0.07385189466304799,
      "amount": 200,
      "pnl": 0,
      "id": 9,
      "timestamp": "2025-06-02T17:46:35.826Z"
    },
    {
      "gridStrategyId": 1,
      "symbol": "BTC/USDT",
      "side": "sell",
      "price": 44325.53475616785,
      "quantity": 0.004512071903930504,
      "amount": 199.99999999999997,
      "pnl": 0.19999999999999998,
      "id": 8,
      "timestamp": "2025-06-02T17:46:30.826Z"
    },
    {
      "gridStrategyId": 2,
      "symbol": "ETH/USDT",
      "side": "buy",
      "price": 2728.5129172063725,
      "quantity": 0.07330000116135528,
      "amount": 200,
      "pnl": 0,
      "id": 7,
      "timestamp": "2025-06-02T17:46:25.825Z"
    },
    {
      "gridStrategyId": 1,
      "symbol": "BTC/USDT",
      "side": "buy",
      "price": 44262.137775346935,
      "quantity": 0.0045185345772294746,
      "amount": 200.00000000000003,
      "pnl": 0,
      "id": 6,
      "timestamp": "2025-06-02T17:46:20.824Z"
    },
    {
      "gridStrategyId": 2,
      "symbol": "ETH/USDT",
      "side": "buy",
      "price": 2712.6485498189045,
      "quantity": 0.07372868114940725,
      "amount": 200,
      "pnl": 0,
      "id": 5,
      "timestamp": "2025-06-02T17:45:55.825Z"
    },
    {
      "gridStrategyId": 1,
      "symbol": "BTC/USDT",
      "side": "buy",
      "price": 43363.66048812672,
      "quantity": 0.004612156763259444,
      "amount": 200,
      "pnl": 0,
      "id": 4,
      "timestamp": "2025-06-02T17:45:50.823Z"
    },
    {
      "gridStrategyId": 1,
      "symbol": "BTC/USDT",
      "side": "sell",
      "price": 43650.41540424547,
      "quantity": 0.00458185788492056,
      "amount": 200,
      "pnl": 0.2,
      "id": 3,
      "timestamp": "2025-06-02T17:45:45.823Z"
    },
    {
      "gridStrategyId": 2,
      "symbol": "ETH/USDT",
      "side": "sell",
      "price": 2738.4794683814175,
      "quantity": 0.07303322968428545,
      "amount": 200,
      "pnl": 0.2,
      "id": 2,
      "timestamp": "2025-06-02T17:45:30.824Z"
    },
    {
      "gridStrategyId": 1,
      "symbol": "BTC/USDT",
      "side": "sell",
      "price": 43591.71653037235,
      "quantity": 0.004588027632741895,
      "amount": 200,
      "pnl": 0.2,
      "id": 1,
      "timestamp": "2025-06-02T17:45:25.822Z"
    }
  ],
  "profits": {
    "BTC/USDT": 1236.5600000000004,
    "ETH/USDT": 857.5400000000003
  },
  "totalProfit": 2094.100000000001,
  "timestamp": "2025-06-02T17:50:35.844Z",
  "accountBalance": 47917.77
}